"Date","Dernier","Ouv."," Plus Haut","Plus Bas","Vol.","Variation %"
"16/06/2023","7.388,65","7.312,07","7.403,88","7.297,73","170,73M","1,34%"
"15/06/2023","7.290,91","7.304,97","7.313,47","7.246,33","60,42M","-0,51%"
"14/06/2023","7.328,53","7.290,94","7.358,99","7.288,46","66,15M","0,52%"
"13/06/2023","7.290,80","7.290,31","7.308,00","7.244,42","65,50M","0,56%"
"12/06/2023","7.250,35","7.250,15","7.283,33","7.237,85","56,91M","0,52%"
"09/06/2023","7.213,14","7.230,95","7.239,52","7.185,26","57,29M","-0,12%"
"08/06/2023","7.222,15","7.196,22","7.236,15","7.184,19","51,06M","0,27%"
"07/06/2023","7.202,79","7.198,24","7.227,59","7.170,94","50,82M","-0,09%"
"06/06/2023","7.209,00","7.189,63","7.219,37","7.175,60","53,48M","0,11%"
"05/06/2023","7.200,91","7.294,81","7.294,81","7.193,37","54,50M","-0,96%"
"02/06/2023","7.270,69","7.181,80","7.278,00","7.179,31","71,14M","1,87%"
"01/06/2023","7.137,43","7.139,39","7.171,60","7.090,46","58,14M","0,55%"
"31/05/2023","7.098,70","7.136,17","7.185,13","7.083,60","214,68M","-1,54%"
"30/05/2023","7.209,75","7.279,88","7.296,38","7.195,38","69,22M","-1,29%"
"29/05/2023","7.303,81","7.352,93","7.356,57","7.292,11","33,46M","-0,21%"
"26/05/2023","7.319,18","7.256,50","7.334,31","7.208,44","58,22M","1,24%"
"25/05/2023","7.229,27","7.261,05","7.261,05","7.197,40","59,44M","-0,33%"
"24/05/2023","7.253,46","7.306,14","7.308,59","7.223,58","77,51M","-1,70%"
"23/05/2023","7.378,71","7.457,18","7.459,37","7.378,71","65,79M","-1,33%"
"22/05/2023","7.478,16","7.467,93","7.493,38","7.452,69","57,44M","-0,18%"
"19/05/2023","7.491,96","7.469,78","7.523,56","7.463,96","67,97M","0,61%"
"18/05/2023","7.446,89","7.440,75","7.481,78","7.426,39","59,99M","0,64%"
"17/05/2023","7.399,44","7.378,83","7.422,58","7.354,54","57,78M","-0,09%"